,City,Lat,Lng,Max Temp,Humidity,Cloudiness,Wind Speed,Country,Date
0,joensuu,62.6,29.76,37.0,88,75,6.93,FI,1602806136
1,ushuaia,-54.8,-68.3,39.2,86,75,28.86,AR,1602806137
2,yellowknife,62.46,-114.35,27.0,63,90,21.92,CA,1602806139
3,aykhal,66.0,111.5,15.8,85,90,6.71,RU,1602806140
4,albany,42.6,-73.97,68.0,75,8,3.0,US,1602805843
5,butaritari,3.07,172.79,82.4,74,49,11.21,KI,1602806142
6,busselton,-33.65,115.33,61.0,50,100,9.51,AU,1602806144
7,bandarbeyla,9.49,50.81,80.08,77,33,22.55,SO,1602806145
8,mataura,-46.19,168.86,60.01,52,100,15.99,NZ,1602806146
9,kruglolesskoye,44.66,42.81,50.0,81,0,2.24,RU,1602806147
10,nouadhibou,20.93,-17.03,80.6,54,0,13.87,MR,1602806148
11,klaksvik,62.23,-6.59,42.8,81,72,2.24,FO,1602806150
12,atuona,-9.8,-139.03,78.84,75,3,18.92,PF,1602806151
13,san carlos de bariloche,-41.15,-71.31,64.4,25,40,5.82,AR,1602805900
14,sept-iles,50.2,-66.38,45.0,93,75,11.41,CA,1602806153
15,jamestown,42.1,-79.24,48.0,93,90,9.17,US,1602806154
16,isangel,-19.55,169.27,77.47,67,98,5.46,VU,1602806155
17,port alfred,-33.59,26.89,62.08,81,53,6.85,ZA,1602806157
18,rikitea,-23.12,-134.97,74.44,75,95,16.4,PF,1602806158
19,ilulissat,69.22,-51.1,35.6,59,100,2.24,GL,1602806159
20,hermanus,-34.42,19.23,57.0,87,96,5.01,ZA,1602806160
21,victoria,22.29,114.16,80.01,71,71,3.0,HK,1602806045
22,chokurdakh,70.63,147.92,29.68,99,100,9.8,RU,1602806162
23,lagoa,39.05,-27.98,68.88,84,89,12.5,PT,1602806163
24,verkhnyaya inta,65.98,60.31,29.84,93,100,6.17,RU,1602806165
25,provideniya,64.38,-173.3,42.8,87,90,13.42,RU,1602806166
26,brandon,27.94,-82.29,84.0,78,1,2.46,US,1602806167
27,new norfolk,-42.78,147.06,52.0,66,32,1.99,AU,1602806168
28,esperance,-33.87,121.9,57.2,100,75,10.29,AU,1602806169
29,narsaq,60.92,-46.05,37.4,59,100,3.36,GL,1602806171
30,namibe,-15.2,12.15,69.4,75,74,4.5,AO,1602806172
31,cape town,-33.93,18.42,61.0,67,81,16.11,ZA,1602806041
32,longyearbyen,78.22,15.64,26.6,86,75,2.24,SJ,1602806104
33,punta arenas,-53.15,-70.92,48.2,61,75,25.28,CL,1602805929
34,airai,-8.93,125.41,74.48,47,94,1.41,TL,1602806176
35,dunedin,-45.87,170.5,48.0,74,69,11.9,NZ,1602806178
36,kaitangata,-46.28,169.85,55.0,41,93,5.01,NZ,1602806179
37,tasiilaq,65.61,-37.64,41.0,93,100,4.7,GL,1602806180
38,palmer,42.16,-72.33,62.6,59,20,8.05,US,1602806181
39,craig,40.52,-107.55,53.6,14,1,11.41,US,1602806182
40,keuruu,62.27,24.7,35.6,93,75,6.93,FI,1602806184
41,east london,-33.02,27.91,64.51,78,44,11.86,ZA,1602806185
42,san felipe,10.34,-68.74,74.01,92,43,1.14,VE,1602806186
43,vestmannaeyjar,63.44,-20.27,47.77,78,57,7.56,IS,1602806187
44,cherskiy,68.75,161.3,34.65,86,99,3.67,RU,1602806188
45,pandan,14.05,124.17,82.65,77,96,3.85,PH,1602806190
46,ciudad guayana,8.35,-62.65,84.0,73,50,1.99,VE,1602806191
47,tiksi,71.69,128.87,22.57,98,96,2.73,RU,1602806192
48,lavrentiya,65.58,-171.0,38.16,93,100,19.44,RU,1602806193
49,cabo san lucas,22.89,-109.91,88.0,70,5,18.34,MX,1602806054
50,vostok,46.49,135.88,34.2,78,0,9.44,RU,1602806195
51,khilok,51.37,110.47,31.6,88,93,5.7,RU,1602806197
52,los llanos de aridane,28.66,-17.92,73.4,73,90,5.82,ES,1602806198
53,saint anthony,45.02,-93.22,48.2,42,75,11.41,US,1602806199
54,san quintin,30.48,-115.95,80.74,39,0,9.42,MX,1602806200
55,kaeo,-35.1,173.78,63.0,63,36,8.99,NZ,1602806201
56,raton,36.9,-104.44,57.2,22,1,20.8,US,1602806073
57,khatanga,71.97,102.5,4.8,94,91,8.48,RU,1602806203
58,bluff,-46.6,168.33,60.01,52,100,15.99,NZ,1602806205
59,meulaboh,4.14,96.13,76.82,83,100,3.04,ID,1602806206
60,mar del plata,-38.0,-57.56,54.0,100,75,6.93,AR,1602806040
61,port hardy,50.7,-127.42,48.2,93,90,14.99,CA,1602806208
62,pacific grove,36.62,-121.92,87.8,26,1,3.36,US,1602805914
63,bredasdorp,-34.53,20.04,50.0,93,99,3.36,ZA,1602806211
64,torbay,47.67,-52.73,57.99,100,90,6.93,CA,1602806212
65,kapaa,22.08,-159.32,84.0,74,90,16.11,US,1602806213
66,bardiyah,31.76,25.09,71.02,72,0,10.85,LY,1602806214
67,medea,36.26,2.75,57.2,76,4,4.7,DZ,1602806215
68,coihaique,-45.58,-72.07,59.0,47,75,2.24,CL,1602806217
69,faanui,-16.48,-151.75,79.9,76,38,10.02,PF,1602806218
70,vaini,-21.2,-175.2,77.0,83,75,10.29,TO,1602806219
71,mayor pablo lagerenza,-19.93,-60.77,70.47,72,18,6.62,PY,1602806220
72,mahebourg,-20.41,57.7,73.4,88,40,4.92,MU,1602806221
73,kiama,-34.68,150.87,63.0,92,100,11.83,AU,1602806222
74,salalah,17.02,54.09,77.0,73,40,5.82,OM,1602806224
75,jacksonville,30.33,-81.66,79.0,78,75,8.05,US,1602806103
76,ituverava,-20.34,-47.78,72.45,75,44,4.74,BR,1602806226
77,sayyan,15.17,44.32,51.82,39,0,3.58,YE,1602806227
78,petropavlovsk-kamchatskiy,53.05,158.65,44.6,56,2,2.24,RU,1602806228
79,luderitz,-26.65,15.16,67.6,42,0,13.18,NA,1602806230
80,sao joao da barra,-21.64,-41.05,72.39,84,80,15.12,BR,1602806231
81,quixada,-4.97,-39.02,76.3,81,34,9.53,BR,1602806232
82,tashtagol,52.77,87.89,41.47,70,100,5.32,RU,1602806233
83,arraial do cabo,-22.97,-42.03,71.53,90,76,11.43,BR,1602806234
84,bilma,18.69,12.92,81.95,18,0,0.92,NE,1602806235
85,nanortalik,60.14,-45.24,40.03,70,100,3.58,GL,1602806237
86,port augusta,-32.5,137.77,78.01,88,75,9.17,AU,1602806238
87,chuy,-33.7,-53.46,58.15,92,35,7.0,UY,1602806239
88,cabo rojo,18.09,-67.15,80.01,96,83,4.92,PR,1602806240
89,codrington,-38.27,141.97,53.47,70,1,13.94,AU,1602806241
90,puerto ayora,-0.74,-90.35,71.01,88,81,4.0,EC,1602806242
91,kirkenes,69.73,30.05,35.6,91,100,26.4,NO,1602806243
92,segezha,63.74,34.32,33.51,93,17,11.5,RU,1602806245
93,mitsamiouli,-11.38,43.28,77.32,75,37,2.19,KM,1602806246
94,ignatovka,53.95,47.65,49.03,72,0,8.93,RU,1602806247
95,port-gentil,-0.72,8.78,78.8,83,90,10.29,GA,1602806248
96,teseney,15.11,36.66,82.36,36,0,5.91,ER,1602806249
97,zarubino,42.63,131.09,47.55,63,14,6.31,RU,1602806251
98,gravdal,68.12,13.5,44.71,78,100,12.55,NO,1602806252
99,roald,62.58,6.13,46.4,81,89,4.7,NO,1602806253
100,paamiut,61.99,-49.67,40.23,71,100,14.58,GL,1602806254
101,grand gaube,-20.01,57.66,73.0,76,0,1.99,MU,1602806255
102,mount gambier,-37.83,140.77,53.6,58,3,19.46,AU,1602806256
103,laguna,38.42,-121.42,93.99,11,1,9.17,US,1602806102
104,baie-comeau,49.22,-68.15,48.2,76,90,8.05,CA,1602806259
105,rundu,-17.93,19.77,71.71,46,70,2.82,NA,1602806260
106,gladstone,-23.85,151.25,77.0,47,40,14.99,AU,1602806261
107,beira,-19.84,34.84,68.81,84,0,1.41,MZ,1602806262
108,panguna,-6.32,155.48,79.86,76,68,2.71,PG,1602806263
109,tibati,6.47,12.63,65.75,94,65,1.7,CM,1602806264
110,qaanaaq,77.48,-69.36,25.57,83,61,4.94,GL,1602806266
111,dudinka,69.41,86.18,23.0,92,75,17.9,RU,1602806267
112,henties bay,-22.12,14.28,59.0,93,17,1.99,NA,1602806268
113,gigmoto,13.78,124.39,82.51,75,91,3.06,PH,1602806269
114,viransehir,37.24,39.76,70.14,31,0,9.1,TR,1602806270
115,hobart,-42.88,147.33,52.0,49,75,5.82,AU,1602806101
116,jos,9.92,8.9,67.8,75,27,3.74,NG,1602806273
117,tiarei,-17.53,-149.33,78.8,69,75,16.11,PF,1602806274
118,tindwari,25.62,80.53,79.59,68,0,5.35,IN,1602806275
119,saint george,37.1,-113.58,82.99,14,1,6.93,US,1602806266
120,goderich,43.75,-81.72,51.01,84,100,17.78,CA,1602806277
121,vuktyl,63.86,57.31,29.93,98,100,8.79,RU,1602806278
122,lorengau,-2.02,147.27,84.94,64,83,5.28,PG,1602806280
123,kropotkin,45.44,40.58,62.47,63,42,3.85,RU,1602806281
124,gillette,44.29,-105.5,42.8,45,90,17.22,US,1602806282
125,constitucion,-35.33,-72.42,56.84,79,2,6.8,CL,1602806283
126,yakeshi,49.28,120.73,30.61,92,0,12.73,CN,1602806284
127,avarua,-21.21,-159.78,75.2,53,100,4.7,CK,1602806286
128,lebu,-37.62,-73.65,51.31,76,30,11.83,CL,1602806287
129,asau,46.43,26.4,46.99,94,3,4.59,RO,1602806288
130,bilibino,68.05,166.44,29.77,94,100,4.43,RU,1602806289
131,berlevag,70.86,29.09,36.48,85,100,19.69,NO,1602806290
132,castro,-24.79,-50.01,61.02,95,98,10.07,BR,1602806217
133,jinchang,38.5,102.17,39.11,66,0,5.03,CN,1602806292
134,yarada,17.65,83.27,80.6,100,90,2.24,IN,1602806294
135,kualakapuas,-3.01,114.39,78.8,94,100,6.93,ID,1602806295
136,prince rupert,54.32,-130.32,44.6,93,90,3.36,CA,1602806296
137,lompoc,34.64,-120.46,82.4,37,1,10.29,US,1602806297
138,formosa,-26.18,-58.18,75.2,88,75,5.82,AR,1602806298
139,port macquarie,-31.43,152.92,86.0,32,30,1.99,AU,1602806299
140,saint-philippe,-21.36,55.77,69.8,60,16,5.82,RE,1602806301
141,deep river,46.1,-77.5,52.0,76,75,8.05,CA,1602806302
142,atar,20.52,-13.05,88.97,23,27,7.61,MR,1602806303
143,batsfjord,70.63,29.72,35.65,86,100,18.25,NO,1602806304
144,labuhan,-6.88,112.21,81.48,74,99,10.25,ID,1602806305
145,koslan,63.46,48.9,31.14,93,100,5.08,RU,1602806307
146,ponta do sol,32.67,-17.1,68.0,72,75,6.93,PT,1602806308
147,luanda,-8.84,13.23,77.0,78,75,6.93,AO,1602806111
148,bulgan,48.81,103.53,33.53,74,58,5.97,MN,1602806310
149,norman wells,65.28,-126.83,21.2,67,20,11.41,CA,1602806311
150,banyumas,-7.51,109.29,64.0,83,100,1.72,ID,1602806312
151,aiquile,-18.2,-65.18,62.04,73,97,6.6,BO,1602806313
152,marawi,8.0,124.29,80.01,83,99,1.01,PH,1602806315
153,asfi,32.3,-9.24,62.47,76,51,9.35,MA,1602806137
154,ilhabela,-23.78,-45.36,68.97,82,100,5.75,BR,1602806317
155,mikhaylovka,50.06,43.24,53.2,66,65,2.91,RU,1602806318
156,magdagachi,53.45,125.8,28.8,89,8,6.13,RU,1602806319
157,kieta,-6.22,155.63,84.45,68,40,3.71,PG,1602806320
158,jacareacanga,-6.22,-57.75,79.56,64,28,3.29,BR,1602806322
159,loncoche,-39.37,-72.63,64.4,63,68,5.82,CL,1602806323
160,tremedal,-14.98,-41.41,76.73,42,0,3.91,BR,1602806324
161,verkhniye kigi,55.41,58.6,49.84,54,100,13.44,RU,1602806325
162,odienne,9.51,-7.57,71.51,92,68,2.24,CI,1602806326
163,san cristobal,7.77,-72.22,86.0,58,40,5.82,VE,1602806307
164,abha,18.22,42.51,57.2,15,0,9.57,SA,1602806328
165,port-cartier,50.03,-66.87,45.0,93,75,11.41,CA,1602806330
166,teguise,29.06,-13.56,71.6,73,20,10.29,ES,1602806331
167,carroll,39.55,-77.02,66.99,82,3,10.58,US,1602806332
168,halifax,44.65,-63.57,54.0,93,20,5.82,CA,1602806236
169,ostrovnoy,68.05,39.51,36.7,81,100,13.71,RU,1602806334
170,komsomolskiy,40.43,71.72,48.2,76,0,6.93,UZ,1602806336
171,sitka,57.05,-135.33,50.0,61,90,11.41,US,1602806100
172,souillac,-20.52,57.52,73.4,88,40,3.62,MU,1602806338
173,anshun,26.25,105.93,53.46,91,100,13.0,CN,1602806339
174,bengkulu,-3.8,102.27,77.59,81,81,3.71,ID,1602806191
175,yar-sale,66.83,70.83,30.49,93,99,9.6,RU,1602806341
176,ocos,14.51,-92.19,75.2,100,75,2.84,GT,1602806343
177,wundanyi,-3.4,38.36,61.83,97,54,6.42,KE,1602806344
178,hasaki,35.73,140.83,57.2,71,75,11.41,JP,1602806345
179,carnarvon,-24.87,113.63,66.2,82,0,18.34,AU,1602806346
180,ancud,-41.87,-73.82,57.2,58,10,3.36,CL,1602806347
181,srednekolymsk,67.45,153.68,31.86,99,100,8.79,RU,1602806348
182,zaysan,47.47,84.87,40.57,60,30,2.19,KZ,1602806350
183,salta,-24.79,-65.41,66.2,45,75,5.82,AR,1602806351
184,kalabo,-14.97,22.68,79.77,37,66,6.4,ZM,1602806352
185,beringovskiy,63.05,179.32,42.4,94,100,21.03,RU,1602806353
186,chemal,51.41,86.0,40.59,68,100,6.64,RU,1602806354
187,port elizabeth,-33.92,25.57,59.0,92,71,4.97,ZA,1602806253
188,elliot lake,46.38,-82.63,44.6,75,40,17.22,CA,1602806357
189,rio grande,-32.03,-52.1,61.12,91,0,9.6,BR,1602806358
190,thinadhoo,0.53,72.93,83.41,74,25,22.03,MV,1602806359
191,egvekinot,66.32,-179.17,33.96,100,100,13.18,RU,1602806360
192,hilo,19.73,-155.09,89.6,46,75,12.75,US,1602806362
193,hervey bay,-25.3,152.85,80.01,53,40,10.29,AU,1602806204
194,leningradskiy,69.38,178.42,35.29,89,100,17.2,RU,1602806364
195,faridabad,28.43,77.32,71.6,64,0,3.47,IN,1602806365
196,buluang,13.31,123.34,80.49,81,100,2.04,PH,1602806366
197,dublin,37.7,-121.94,93.0,11,1,14.99,US,1602806344
198,krasnyy chikoy,50.36,108.75,29.5,90,64,3.65,RU,1602806368
199,hithadhoo,-0.6,73.08,82.4,75,98,20.58,MV,1602806370
200,saskylakh,71.92,114.08,19.45,96,100,13.49,RU,1602806371
201,aljezur,37.32,-8.8,48.0,90,83,8.79,PT,1602806372
202,saint-augustin,51.23,-58.65,46.6,83,12,9.98,CA,1602806373
203,nicoya,10.15,-85.45,77.0,94,75,13.87,CR,1602806374
204,finschhafen,-6.6,147.87,82.99,69,61,7.52,PG,1602806376
205,naze,28.37,129.48,77.0,78,20,8.05,JP,1602806377
206,baiyin,36.56,104.21,46.99,68,23,2.24,CN,1602806378
207,guhagar,17.48,73.19,78.1,92,98,12.24,IN,1602806379
208,pevek,69.7,170.31,35.91,85,100,14.79,RU,1602806380
209,buala,-8.14,159.59,85.46,65,34,3.29,SB,1602806381
210,katsuura,35.13,140.3,61.0,62,75,14.99,JP,1602806383
211,qurayyat,31.33,37.34,71.6,21,0,13.87,SA,1602806384
212,ixtapa,20.7,-105.2,91.4,59,75,6.93,MX,1602806191
213,lethem,3.38,-59.8,84.11,56,95,7.2,GY,1602806386
214,tecoanapa,16.52,-98.75,83.21,80,39,7.36,MX,1602806388
215,chanika,-5.42,38.02,67.93,94,70,2.95,TZ,1602806389
216,kawalu,-7.38,108.21,73.71,90,100,3.13,ID,1602806390
217,bambous virieux,-20.34,57.76,73.4,88,40,6.11,MU,1602806391
218,ifanadiana,-21.3,47.63,64.71,91,98,1.28,MG,1602806392
219,general roca,-39.03,-67.58,80.6,39,0,2.24,AR,1602806394
220,kupang,-10.17,123.58,84.2,74,20,9.17,ID,1602806395
221,geraldton,-28.77,114.6,60.8,77,73,11.41,AU,1602806396
222,dungarpur,23.83,73.72,80.2,61,83,8.59,IN,1602806397
223,jiuquan,39.74,98.52,32.85,80,0,1.48,CN,1602806398
224,hobyo,5.35,48.53,79.3,80,30,18.23,SO,1602806399
225,yaan,7.38,8.57,73.47,96,75,5.82,NG,1602806401
226,quang ngai,15.12,108.8,76.26,93,99,5.21,VN,1602806408
227,sakakah,29.97,40.21,69.8,30,0,4.7,SA,1602806253
228,bathsheba,13.22,-59.52,82.4,78,40,16.11,BB,1602806411
229,mawlaik,23.63,94.42,73.8,81,23,0.38,MM,1602806412
230,dikson,73.51,80.55,31.46,94,100,18.32,RU,1602806414
231,yingkou,40.66,122.23,53.47,66,52,12.71,CN,1602806416
232,georgetown,5.41,100.34,77.0,94,40,3.36,MY,1602806215
233,abrau-dyurso,44.69,37.59,57.2,71,20,6.71,RU,1602806419
234,iqaluit,63.75,-68.51,35.6,93,90,3.36,CA,1602806421
235,ahipara,-35.17,173.17,59.14,65,8,6.4,NZ,1602806422
236,maarianhamina,60.1,19.93,44.6,93,90,2.24,AX,1602806423
237,yima,34.74,111.88,59.0,99,100,13.02,CN,1602806424
238,awjilah,29.11,21.29,78.22,27,0,13.69,LY,1602806426
239,dubuque,42.48,-90.87,46.4,36,1,14.99,US,1602806427
240,viedma,-40.81,-63.0,62.31,41,0,16.87,AR,1602806427
241,port lincoln,-34.73,135.87,58.96,83,100,9.53,AU,1602806430
242,pathein,16.78,94.73,76.91,93,97,2.51,MM,1602806431
243,araguacu,-12.93,-49.83,81.03,48,38,2.98,BR,1602806432
244,kachiry,53.07,76.1,43.39,90,50,3.22,KZ,1602806434
245,arawa,-6.21,155.54,85.14,67,69,3.98,PG,1602806435
246,cayenne,4.93,-52.33,80.6,78,2,5.82,GF,1602806437
247,nelson bay,-32.72,152.15,69.01,77,90,18.34,AU,1602806438
248,pangnirtung,66.15,-65.71,36.9,79,100,8.93,CA,1602806439
249,cockburn town,21.46,-71.14,82.4,78,40,11.41,TC,1602806153
250,olafsvik,64.89,-23.71,47.68,72,100,5.44,IS,1602806442
251,bethel,41.37,-73.41,62.6,63,1,6.93,US,1602806443
252,inuvik,68.35,-133.72,21.2,79,75,4.7,CA,1602806445
253,semporna,4.48,118.61,73.4,100,40,7.0,MY,1602806446
254,flin flon,54.77,-101.86,26.6,63,75,10.29,CA,1602806447
255,taltal,-25.4,-70.48,58.35,75,25,4.25,CL,1602806449
256,hay river,60.82,-115.8,28.4,58,75,23.04,CA,1602806450
257,middelburg,-25.78,29.46,64.71,51,0,2.93,ZA,1602806451
258,hamilton,39.18,-84.53,52.0,93,90,6.76,US,1602806453
259,ribeira grande,38.52,-28.7,69.42,84,45,10.47,PT,1602806454
260,mombasa,-4.05,39.66,76.93,85,1,11.34,KE,1602806421
261,westport,41.14,-73.36,66.2,68,1,12.75,US,1602806260
262,adrar,20.5,-10.07,89.31,12,20,10.07,MR,1602806458
263,ibra,22.69,58.53,65.84,22,0,5.08,OM,1602806460
264,gat,31.61,34.76,75.0,74,32,3.04,IL,1602806163
265,rantepao,-2.97,119.9,69.53,88,100,1.52,ID,1602806462
266,yumen,40.28,97.2,28.96,81,0,4.5,CN,1602806464
267,barrow,71.29,-156.79,28.4,68,90,7.45,US,1602806404
268,bitung,1.45,125.18,78.8,88,40,2.24,ID,1602806466
269,ballina,-28.87,153.57,78.01,50,0,6.93,AU,1602806467
270,sao filipe,14.9,-24.5,81.27,78,36,7.65,CV,1602806468
271,riyadh,24.69,46.72,66.2,25,0,2.24,SA,1602806371
272,sao gabriel da cachoeira,-0.13,-67.09,76.15,90,95,4.83,BR,1602806416
273,pachora,20.67,75.35,74.77,88,65,6.87,IN,1602806472
274,bara,10.37,10.73,75.85,79,65,5.57,NG,1602806473
275,anadyr,64.75,177.48,41.0,100,75,22.37,RU,1602806474
276,goksun,38.02,36.5,69.8,68,0,10.29,TR,1602806476
277,palu,-0.89,119.87,77.0,79,100,1.63,ID,1602806414
278,guerrero negro,27.98,-114.06,83.68,57,18,14.9,MX,1602806478
279,belmonte,-15.86,-38.88,77.0,78,56,9.17,BR,1602806479
280,kochubey,44.39,46.58,57.04,86,55,4.03,RU,1602806480
281,fortuna,40.6,-124.16,69.01,55,20,14.99,US,1602806481
282,tuktoyaktuk,69.45,-133.04,19.4,85,90,11.41,CA,1602806483
283,huai yot,7.79,99.63,75.2,100,40,3.36,TH,1602806484
284,killarney,52.05,-9.52,42.08,87,44,5.21,IE,1602806485
285,nikolskoye,59.7,30.79,39.2,80,90,6.71,RU,1602806486
286,severo-kurilsk,50.68,156.12,43.3,63,50,23.96,RU,1602806488
287,okhotsk,59.38,143.3,28.56,85,38,7.27,RU,1602806489
288,kununurra,-15.77,128.73,84.2,74,0,6.93,AU,1602806490
289,pantelho,16.93,-92.55,84.2,66,75,9.17,MX,1602806492
290,nerchinsk,51.98,116.58,31.68,92,33,10.16,RU,1602806493
291,xichang,27.9,102.26,58.71,76,98,4.72,CN,1602806494
292,mahibadhoo,3.78,72.97,82.51,78,79,22.21,MV,1602806495
293,leh,34.17,77.58,34.88,66,0,2.93,IN,1602806496
294,upernavik,72.79,-56.15,28.71,85,23,5.77,GL,1602806498
295,daru,-9.08,143.21,80.11,73,95,12.82,PG,1602806499
296,rawson,-43.3,-65.1,70.79,37,0,22.15,AR,1602806452
297,mezhdurechensk,53.69,88.06,43.43,87,100,8.14,RU,1602806501
298,niamey,13.51,2.11,87.8,55,62,6.93,NE,1602806503
299,sechura,-5.56,-80.82,68.31,74,22,13.6,PE,1602806504
300,tiznit,29.58,-9.5,59.36,71,0,3.47,MA,1602806505
301,clyde river,70.47,-68.59,33.8,100,90,17.22,CA,1602806506
302,port keats,-14.25,129.55,87.01,61,5,8.5,AU,1602806507
303,launceston,-41.45,147.17,55.0,53,4,13.87,AU,1602806509
304,muli,2.92,73.57,81.84,79,79,19.06,MV,1602806510
305,villefontaine,45.61,5.15,50.0,87,75,13.87,FR,1602806511
306,tessalit,20.2,1.01,86.63,14,0,5.55,ML,1602806513
307,rio gallegos,-51.62,-69.22,59.0,26,95,24.16,AR,1602806493
308,somerset,40.57,-74.55,66.0,63,1,5.82,US,1602806515
309,margate,51.38,1.39,50.0,76,98,5.01,GB,1602806516
310,urengoy,65.97,78.37,30.2,94,100,10.74,RU,1602806517
311,vardo,70.37,31.11,37.51,88,100,20.11,NO,1602806519
312,tuatapere,-46.13,167.68,59.0,54,100,15.99,NZ,1602806520
313,ha tinh,18.33,105.9,77.25,90,100,2.48,VN,1602806521
314,vestmanna,62.16,-7.17,42.8,81,93,2.24,FO,1602806522
315,saldanha,-33.01,17.94,55.4,82,29,8.05,ZA,1602806524
316,kodiak,57.79,-152.41,50.0,57,1,9.17,US,1602806482
317,miyako,39.64,141.95,56.44,48,31,2.57,JP,1602806526
318,killybegs,54.63,-8.45,44.89,86,40,7.14,IE,1602806527
319,kirillov,59.86,38.38,37.74,84,100,4.94,RU,1602806528
320,kidal,18.44,1.41,86.07,15,0,4.32,ML,1602806530
321,tautira,-17.73,-149.15,78.8,69,75,16.11,PF,1602806531
322,cidreira,-30.18,-50.21,63.68,88,41,6.78,BR,1602806532
323,kruisfontein,-34.0,24.73,59.0,92,73,4.36,ZA,1602806533
324,thompson,55.74,-97.86,28.4,58,75,16.11,CA,1602806402
325,barranca,-10.75,-77.77,61.38,86,11,7.54,PE,1602806536
326,amapa,1.0,-52.0,78.04,68,30,4.25,BR,1602806537
327,barra,-11.09,-43.14,81.86,30,1,5.64,BR,1602806538
328,hambantota,6.12,81.12,79.57,80,93,17.34,LK,1602806539
329,banda aceh,5.56,95.32,80.96,73,98,11.92,ID,1602806262
330,boituva,-23.28,-47.67,70.0,70,77,7.0,BR,1602806542
331,antsohihy,-14.88,47.99,75.4,62,50,6.69,MG,1602806543
332,calama,-22.47,-68.93,69.8,10,56,26.4,CL,1602806400
333,avera,33.19,-82.53,75.2,94,1,4.03,US,1602806545
334,tumen,42.97,129.84,45.27,63,31,1.59,CN,1602806547
335,alugan,12.22,125.48,80.46,85,99,3.0,PH,1602806548
336,touros,-5.2,-35.46,77.0,83,20,6.93,BR,1602806334
337,san patricio,28.02,-97.52,86.0,70,20,18.34,US,1602806550
338,fairbanks,64.84,-147.72,21.99,73,90,4.7,US,1602806515
339,chimbote,-9.09,-78.58,62.8,85,13,6.53,PE,1602806553
340,gizo,-8.1,156.84,83.53,69,20,4.25,SB,1602806554
341,abu dhabi,24.47,54.37,78.8,41,0,3.36,AE,1602806507
342,nishihara,26.18,127.76,78.8,88,75,3.36,JP,1602806556
343,kahului,20.89,-156.47,89.6,43,40,11.41,US,1602806403
344,pahrump,36.21,-115.98,93.99,10,0,7.54,US,1602806558
345,jian,27.12,114.98,63.81,92,100,7.14,CN,1602806560
346,mahenge,-8.68,36.72,65.39,97,46,4.07,TZ,1602806561
347,narrabri,-30.32,149.78,77.0,36,7,16.11,AU,1602806562
348,nago,26.59,127.98,77.0,94,75,3.36,JP,1602806564
349,saryg-sep,51.5,95.6,34.45,88,100,3.09,RU,1602806565
350,palanga,55.92,21.07,39.2,93,40,4.7,LT,1602806566
351,maraa,-1.83,-65.37,74.44,96,78,2.75,BR,1602806567
352,yahotyn,50.28,31.76,53.6,81,40,4.47,UA,1602806568
353,yashkul,46.17,45.34,53.76,84,0,1.74,RU,1602806570
354,mattru,7.62,-11.83,74.61,98,100,2.39,SL,1602806571
355,guilford,36.07,-79.8,70.0,83,40,5.82,US,1602806518
356,rorvik,64.86,11.24,49.59,82,100,16.31,NO,1602806573
357,hofn,64.25,-15.21,45.16,79,3,3.13,IS,1602806574
358,curup,-3.47,102.53,70.56,84,94,1.21,ID,1602806576
359,champerico,14.3,-91.92,75.2,94,75,6.93,GT,1602806400
360,juneau,58.3,-134.42,46.99,75,90,11.41,US,1602806578
361,homer,59.64,-151.55,48.2,76,40,8.05,US,1602806551
362,alexandria,31.22,29.96,75.2,64,0,4.7,EG,1602806434
363,terrak,65.09,12.37,46.4,81,75,11.41,NO,1602806582
364,flinders,-34.58,150.86,63.0,85,100,5.01,AU,1602806583
365,parati,-23.22,-44.71,69.26,83,99,4.61,BR,1602806584
366,havre-saint-pierre,50.23,-63.6,42.8,93,40,4.7,CA,1602806585
367,satipo,-11.25,-74.64,72.52,75,38,2.28,PE,1602806586
368,kavieng,-2.57,150.8,84.72,68,51,10.69,PG,1602806588
369,saintes,45.67,-0.75,48.2,87,0,3.36,FR,1602806589
370,rio rancho,35.23,-106.66,81.0,10,1,14.99,US,1602806467
371,kjollefjord,70.95,27.35,36.39,82,100,16.46,NO,1602806591
372,pemangkat,1.17,108.97,78.51,84,100,8.39,ID,1602806592
373,dalvik,65.97,-18.53,28.4,92,0,3.36,IS,1602806593
374,shymkent,42.3,69.6,50.0,46,0,4.47,KZ,1602806595
375,pouembout,-21.13,164.9,70.39,88,96,4.99,NC,1602806596
376,boyuibe,-20.42,-63.28,71.6,56,75,4.7,BO,1602806597
377,kulhudhuffushi,6.62,73.07,81.9,74,84,19.8,MV,1602806598
378,warri,5.52,5.75,75.31,94,100,3.58,NG,1602806599
379,sistranda,63.73,8.83,46.4,100,75,14.99,NO,1602806601
380,faya,18.39,42.45,57.2,15,0,5.95,SA,1602806602
381,bowen,-20.02,148.23,77.0,50,0,18.34,AU,1602806603
382,raudeberg,61.99,5.14,46.0,93,5,20.31,NO,1602806604
383,kysyl-syr,63.9,122.76,26.65,97,100,8.59,RU,1602806606
384,krasnystaw,50.98,23.17,42.8,100,75,4.7,PL,1602806607
385,banga,6.42,124.78,79.95,78,88,1.7,PH,1602806608
386,matara,5.95,80.54,78.67,84,99,13.29,LK,1602806609
387,arlit,18.74,7.39,90.63,12,0,8.08,NE,1602806610
388,portland,45.52,-122.68,64.99,45,20,8.05,US,1602805981
389,hope,33.67,-93.59,63.0,66,100,4.0,US,1602806613
390,kungurtug,50.6,97.52,29.52,86,83,1.61,RU,1602806614
391,yulara,-25.24,130.99,80.6,19,0,13.87,AU,1602806397
392,pasni,25.26,63.47,78.22,29,0,23.55,PK,1602806616
393,mpanda,-6.37,31.04,69.71,68,18,1.34,TZ,1602806617
394,chapais,49.78,-74.85,44.6,93,90,9.17,CA,1602806618
395,jertih,5.73,102.49,75.2,100,20,2.24,MY,1602806620
396,magadan,59.57,150.8,33.91,80,36,12.15,RU,1602806621
397,baculin,7.45,126.58,83.95,64,85,3.4,PH,1602806622
398,les cayes,18.2,-73.75,79.61,78,27,2.28,HT,1602806623
399,smirnykh,49.75,142.83,38.07,70,21,16.17,RU,1602806471
400,mingshui,36.72,117.5,59.0,84,100,1.86,CN,1602806626
401,jamame,0.07,42.75,77.27,79,2,10.07,SO,1602806627
402,saint-paul,-21.01,55.27,71.6,60,24,8.05,RE,1602806628
403,ilo,-17.64,-71.34,62.29,80,20,3.71,PE,1602806629
404,inongo,-1.95,18.27,71.92,91,34,4.99,CD,1602806630
405,carazinho,-28.28,-52.79,60.93,82,36,12.21,BR,1602806632
406,maumere,-8.62,122.21,84.06,59,100,0.85,ID,1602806633
407,dentsville,34.06,-80.96,78.8,69,20,3.18,US,1602806634
408,turkistan,43.0,68.0,55.09,39,0,13.51,KZ,1602806635
409,la argentina,2.2,-75.98,62.2,86,34,4.47,CO,1602806636
410,strelka,58.07,93.03,25.88,96,5,5.7,RU,1602806637
411,boyarka,50.32,30.3,55.99,71,92,6.71,UA,1602806639
412,omboue,-1.57,9.26,73.56,86,23,6.04,GA,1602806640
413,podosinovets,60.28,47.07,36.86,95,100,10.04,RU,1602806641
414,bulawayo,-20.15,28.58,60.93,74,10,7.99,ZW,1602806642
415,puerto madero,14.72,-92.42,75.2,100,75,2.68,MX,1602806643
416,tibiri,13.56,7.05,87.01,31,32,4.92,NE,1602806644
417,namatanai,-3.67,152.43,84.42,67,92,5.57,PG,1602806645
418,merritt,50.11,-120.79,51.8,66,90,17.22,CA,1602806647
419,medvedka,61.16,46.39,32.61,96,100,10.13,RU,1602806648
420,kaseda,31.42,130.32,62.6,82,75,2.24,JP,1602806649
421,masvingo,-20.06,30.83,60.1,82,0,2.55,ZW,1602806650
422,kutum,14.2,24.67,76.64,19,0,9.22,SD,1602806651
423,mirnyy,62.54,113.96,32.0,94,90,13.42,RU,1602806652
424,bay roberts,47.6,-53.26,57.99,1,90,3.91,CA,1602806654
425,khipro,25.83,69.38,80.91,16,0,8.23,PK,1602806655
426,otavi,-19.65,17.33,71.62,32,66,6.24,NA,1602806656
427,linxia,35.6,103.21,38.41,71,1,0.29,CN,1602806657
428,sambava,-14.27,50.17,70.77,87,7,7.9,MG,1602806658
429,da nang,16.07,108.22,78.8,94,75,1.12,VN,1602806522
430,santa rosa,14.31,121.11,84.99,88,40,2.24,PH,1602806661
431,rancho palos verdes,33.74,-118.39,81.0,57,5,17.22,US,1602806521
432,katangli,51.71,143.23,35.49,74,79,18.21,RU,1602806663
433,pizhma,57.86,47.12,49.55,80,68,15.55,RU,1602806665
434,rivadavia,-33.19,-68.46,78.8,31,2,9.17,AR,1602806369
435,itupiranga,-5.13,-49.33,80.6,83,20,2.24,BR,1602806667
436,mamallapuram,12.63,80.17,82.4,88,40,2.24,IN,1602806668
437,daura,11.55,11.41,79.41,53,60,8.48,NG,1602806669
438,mabaruma,8.2,-59.78,77.76,85,11,5.17,GY,1602806671
439,te anau,-45.42,167.72,48.45,82,100,14.7,NZ,1602806672
440,cairns,-16.92,145.77,78.8,69,75,14.99,AU,1602806538
441,petropavlovka,50.61,105.32,34.52,77,74,4.16,RU,1602806674
442,maningrida,-12.07,134.27,85.14,61,80,6.6,AU,1602806675
443,plainview,40.78,-73.47,64.99,77,1,17.22,US,1602806677
444,tezpur,26.63,92.8,73.54,87,0,2.28,IN,1602806678
445,havelock,34.88,-76.9,75.0,85,38,6.93,US,1602806679
446,praia,14.92,-23.51,78.8,94,20,11.41,CV,1602806405
447,olinda,-8.01,-34.86,80.6,69,75,8.05,BR,1602806681
448,taseyevo,57.22,94.9,25.77,96,23,6.31,RU,1602806682
449,kavaratti,10.57,72.64,81.46,77,32,17.6,IN,1602806684
450,glendive,47.11,-104.71,42.8,56,40,19.46,US,1602806464
451,kamaishi,39.27,141.88,46.4,81,40,6.93,JP,1602806686
452,caravelas,-17.71,-39.25,74.89,87,45,5.75,BR,1602806687
453,brae,60.4,-1.35,48.2,87,97,13.87,GB,1602806688
454,saint-pierre,-21.34,55.48,69.8,60,2,5.82,RE,1602806408
455,port blair,11.67,92.75,80.65,83,100,10.76,IN,1602806690
456,kortkeros,61.81,51.58,30.2,100,90,6.71,RU,1602806692
457,tarbagatay,51.48,107.36,26.6,92,90,3.89,RU,1602806693
458,ucluelet,48.93,-125.55,54.0,81,90,8.05,CA,1602806598
459,pekalongan,-6.89,109.68,64.0,79,94,4.16,ID,1602806695
